{
	"migrationVersion": 0,
	"enabled": true,
	"distance": 4.0,
	"randomPlacement": 1.0,
	"fuzziness": 1.0,
	"shuffle": false,
	"yRange": 64.0,
	"yOffset": 0.0,
	"sparsity": 0.0,
	"spacing": 5.25,
	"sizeXZ": 16.0,
	"sizeY": 8.0,
	"travelSpeed": 0.03,
	"windEffectFactor": 1.0,
	"windSpeedFactor": 0.8,
	"colorVariationFactor": 0.8,
	"celestialBodyHalo": true,
	"chunkSize": 32,
	"samplingScale": 1.0,
	"scaleFalloffMin": 0.25,
	"fogRangeFactor": 1.0,
	"fogEndFactor": 1.0,
	"usePersistentBuffers": true,
	"useFrustumCulling": true,
	"irisSupport": true,
	"cloudOverride": true,
	"useIrisFBO": true,
	"selectedPreset": 0,
	"presets": [],
	"lastTelemetryVersion": 0,
	"gpuIncompatibleMessageEnabled": true,
	"issueReportEnabled": true,
	"enabledDimensions": [
		"minecraft:overworld",
		"bigglobe:overworld",
		"me:middle_earth_type"
	],
	"sereneSeasonsConfig": {
		"transition_days": 2.0,
		"early_spring_cloudiness": 1.2,
		"mid_spring_cloudiness": 1.0,
		"late_spring_cloudiness": 0.9,
		"early_summer_cloudiness": 0.8,
		"mid_summer_cloudiness": 0.7,
		"late_summer_cloudiness": 0.8,
		"early_autumn_cloudiness": 0.9,
		"mid_autumn_cloudiness": 1.0,
		"late_autumn_cloudiness": 1.2,
		"early_winter_cloudiness": 1.3,
		"mid_winter_cloudiness": 1.4,
		"late_winter_cloudiness": 1.3
	},
	"fabricSeasonsConfig": {
		"transition_days": 4.0,
		"spring_cloudiness": 1.0,
		"summer_cloudiness": 0.7,
		"fall_cloudiness": 1.0,
		"winter_cloudiness": 1.4
	}
}